Part;Value;Device;Package;Description;ALLIED_NUMBER;ALLIED_PRICE-STOCK;AVAILABILITY;CREATED_BY;DESCRIPTION;DIGIKEY_PART_NUMBER;HEIGHT;MANUFACTURER;MANUFACTURER_NAME;MANUFACTURER_PART_NUMBER;MF;MOUSER_PART_NUMBER;MOUSER_PRICE-STOCK;MP;MPN;OC_FARNELL;OC_NEWARK;PACKAGE;POPULARITY;PRICE;PROD_ID;RS_PART_NUMBER;RS_PRICE-STOCK;SPICEPREFIX;TP_SIGNAL_NAME;VALUE
BOOT_ESP;;M02PTH;1X02;Header 2;;;;;;;;;;;;;;;;;;;;;;;;;;
BOOT_STM;;M02PTH;1X02;Header 2;;;;;;;;;;;;;;;;;;;;;;;;;;
C1;100nF;C-EUC0603;C0603;CAPACITOR, European symbol;;;;;;;;;;;;;;;;;;;;;;;;;;
C2;100nF;C-EUC0603;C0603;CAPACITOR, European symbol;;;;;;;;;;;;;;;;;;;;;;;;;;
C3;2.2uF;C-EUC0805;C0805;CAPACITOR, European symbol;;;;;;;;;;;;;;;;;;;88;;;;;C;;
C4;2.2uF;C-EUC0805;C0805;CAPACITOR, European symbol;;;;;;;;;;;;;;;;;;;88;;;;;C;;
C5;100nF;C-EUC0603;C0603;CAPACITOR, European symbol;;;;;;;;;;;;;;;;;;;;;;;;;;
C6;100nF;C-EUC0603;C0603;CAPACITOR, European symbol;;;;;;;;;;;;;;;;;;;;;;;;;;
C7;2.2uF;C-EUC0805;C0805;CAPACITOR, European symbol;;;;;;;;;;;;;;;;;;;88;;;;;C;;
C8;100nF;C-EUC0603;C0603;CAPACITOR, European symbol;;;;;;;;;;;;;;;;;;;;;;;;;;
C9;100nF;C-EUC0603;C0603;CAPACITOR, European symbol;;;;;;;;;;;;;;;;;;;;;;;;;;
C10;2.2uF;C-EUC0805;C0805;CAPACITOR, European symbol;;;;;;;;;;;;;;;;;;;88;;;;;C;;
C11;2.2uF;C-EUC0805;C0805;CAPACITOR, European symbol;;;;;;;;;;;;;;;;;;;88;;;;;C;;
C12;47uF;C-EUC0805;C0805;CAPACITOR, European symbol;;;;;;;;;;;;;;;;;;;88;;;;;C;;
C13;100nF;C-EUC0603;C0603;CAPACITOR, European symbol;;;;;;;;;;;;;;;;;;;73;;;;;C;;
C14;2.2uF;C-EUC0805;C0805;CAPACITOR, European symbol;;;;;;;;;;;;;;;;;;;88;;;;;C;;
C15;2.2uF;C-EUC0805;C0805;CAPACITOR, European symbol;;;;;;;;;;;;;;;;;;;88;;;;;C;;
C16;100nF;C-EUC0603;C0603;CAPACITOR, European symbol;;;;;;;;;;;;;;;;;;;;;;;;;;
C17;2.2uF;C-EUC0805;C0805;CAPACITOR, European symbol;;;;;;;;;;;;;;;;;;;88;;;;;C;;
C18;2.2uF;C-EUC0805;C0805;CAPACITOR, European symbol;;;;;;;;;;;;;;;;;;;88;;;;;C;;
C19;100nF;C-EUC0603;C0603;CAPACITOR, European symbol;;;;;;;;;;;;;;;;;;;;;;;;;;
C21;47uF;C-EUC0805;C0805;CAPACITOR, European symbol;;;;;;;;;;;;;;;;;;;88;;;;;C;;
C22;100nF;C-EUC0603;C0603;CAPACITOR, European symbol;;;;;;;;;;;;;;;;;;;;;;;;;;
C23;2.2uF;C-EUC0805;C0805;CAPACITOR, European symbol;;;;;;;;;;;;;;;;;;;88;;;;;C;;
C24;2.2uF;C-EUC0805;C0805;CAPACITOR, European symbol;;;;;;;;;;;;;;;;;;;88;;;;;C;;
C25;2.2uF;C-EUC0805;C0805;CAPACITOR, European symbol;;;;;;;;;;;;;;;;;;;88;;;;;C;;
C26;100nF;C-EUC0603;C0603;CAPACITOR, European symbol;;;;;;;;;;;;;;;;;;;;;;;;;;
C27;2.2uF;C-EUC0805;C0805;CAPACITOR, European symbol;;;;;;;;;;;;;;;;;;;88;;;;;C;;
C28;100nF;C-EUC0603;C0603;CAPACITOR, European symbol;;;;;;;;;;;;;;;;;;;;;;;;;;
C29;15pF;C-EUC0603;C0603;CAPACITOR, European symbol;;;;;;;;;;;;;;;;;;;73;;;;;C;;
C30;15pF;C-EUC0603;C0603;CAPACITOR, European symbol;;;;;;;;;;;;;;;;;;;73;;;;;C;;
C31;10pF;C-EUC0603;C0603;CAPACITOR, European symbol;;;;;;;;;;;;;;;;;;;88;;;;;C;;
C32;10pF;C-EUC0603;C0603;CAPACITOR, European symbol;;;;;;;;;;;;;;;;;;;88;;;;;C;;
C33;47uF;C-EUC0805;C0805;CAPACITOR, European symbol;;;;;;;;;;;;;;;;;;;88;;;;;C;;
C40;100nF;C-EUC0603;C0603;CAPACITOR, European symbol;;;;;;;;;;;;;;;;;;;;;;;;;;
C41;100nF;C-EUC0603;C0603;CAPACITOR, European symbol;;;;;;;;;;;;;;;;;;;;;;;;;;
C42;100nF;C-EUC0603;C0603;CAPACITOR, European symbol;;;;;;;;;;;;;;;;;;;;;;;;;;
C45;100nF;C-EUC0603;C0603;CAPACITOR, European symbol;;;;;;;;;;;;;;;;;;;;;;;;;;
C46;100nF;C-EUC0603;C0603;CAPACITOR, European symbol;;;;;;;;;;;;;;;;;;;;;;;;;;
C47;100nF;C-EUC0603;C0603;CAPACITOR, European symbol;;;;;;;;;;;;;;;;;;;;;;;;;;
C50*;2.2uF;C-EUC0805;C0805;CAPACITOR, European symbol;;;;;;;;;;;;;;;;;;;88;;;;;C;;
CF1;10nF;C-EUC0805;C0805;CAPACITOR, European symbol;;;;;;;;;;;;;;;;;;;;;;;;;;
CF2;10nF;C-EUC0805;C0805;CAPACITOR, European symbol;;;;;;;;;;;;;;;;;;;;;;;;;;
CF3;10nF;C-EUC0805;C0805;CAPACITOR, European symbol;;;;;;;;;;;;;;;;;;;;;;;;;;
CF4;10nF;C-EUC0805;C0805;CAPACITOR, European symbol;;;;;;;;;;;;;;;;;;;;;;;;;;
CF5;10nF;C-EUC0805;C0805;CAPACITOR, European symbol;;;;;;;;;;;;;;;;;;;;;;;;;;
CF6;10nF;C-EUC0805;C0805;CAPACITOR, European symbol;;;;;;;;;;;;;;;;;;;;;;;;;;
CF7;10nF;C-EUC0805;C0805;CAPACITOR, European symbol;;;;;;;;;;;;;;;;;;;;;;;;;;
CF8;10nF;C-EUC0805;C0805;CAPACITOR, European symbol;;;;;;;;;;;;;;;;;;;;;;;;;;
CF9;10nF;C-EUC0805;C0805;CAPACITOR, European symbol;;;;;;;;;;;;;;;;;;;;;;;;;;
CT1;SJ-3523-SMT;STEREO_SMD;STEREO_SMT;3.5mm Stereo Jack SMT;;;;;;;;;;;;;;;SJ-3523-SMT;;;;;;;;;;;
CT2;SJ-3523-SMT;STEREO_SMD;STEREO_SMT;3.5mm Stereo Jack SMT;;;;;;;;;;;;;;;SJ-3523-SMT;;;;;;;;;;;
CT3;SJ-3523-SMT;STEREO_SMD;STEREO_SMT;3.5mm Stereo Jack SMT;;;;;;;;;;;;;;;SJ-3523-SMT;;;;;;;;;;;
CT4;SJ-3523-SMT;STEREO_SMD;STEREO_SMT;3.5mm Stereo Jack SMT;;;;;;;;;;;;;;;SJ-3523-SMT;;;;;;;;;;;
CT5;SJ-3523-SMT;STEREO_SMD;STEREO_SMT;3.5mm Stereo Jack SMT;;;;;;;;;;;;;;;SJ-3523-SMT;;;;;;;;;;;
CT6;SJ-3523-SMT;STEREO_SMD;STEREO_SMT;3.5mm Stereo Jack SMT;;;;;;;;;;;;;;;SJ-3523-SMT;;;;;;;;;;;
CT7;SJ-3523-SMT;STEREO_SMD;STEREO_SMT;3.5mm Stereo Jack SMT;;;;;;;;;;;;;;;SJ-3523-SMT;;;;;;;;;;;
CT8;SJ-3523-SMT;STEREO_SMD;STEREO_SMT;3.5mm Stereo Jack SMT;;;;;;;;;;;;;;;SJ-3523-SMT;;;;;;;;;;;
CT9;SJ-3523-SMT;STEREO_SMD;STEREO_SMT;3.5mm Stereo Jack SMT;;;;;;;;;;;;;;;SJ-3523-SMT;;;;;;;;;;;
CV1;10nF;C-EUC0805;C0805;CAPACITOR, European symbol;;;;;;;;;;;;;;;;;;;;;;;;;;
CV2;10nF;C-EUC0805;C0805;CAPACITOR, European symbol;;;;;;;;;;;;;;;;;;;;;;;;;;
CV3;10nF;C-EUC0805;C0805;CAPACITOR, European symbol;;;;;;;;;;;;;;;;;;;;;;;;;;
D1;ESD5Z3.3T1G;DIODESOD-523;SOD-523;Diode;;;;;;;;;;;;;;;;;;;;;;;;;;
D2;ESD5Z3.3T1G;DIODESOD-523;SOD-523;Diode;;;;;;;;;;;;;;;;;;;;;;;;;;
D3;ESD5Z3.3T1G;DIODESOD-523;SOD-523;Diode;;;;;;;;;;;;;;;;;;;;;;;;;;
D4;ESD5Z3.3T1G;DIODESOD-523;SOD-523;Diode;;;;;;;;;;;;;;;;;;;;;;;;;;
D5;ESD5Z3.3T1G;DIODESOD-523;SOD-523;Diode;;;;;;;;;;;;;;;;;;;;;;;;;;
D6;ESD5Z3.3T1G;DIODESOD-523;SOD-523;Diode;;;;;;;;;;;;;;;;;;;;;;;;;;
D7;ESD5Z3.3T1G;DIODESOD-523;SOD-523;Diode;;;;;;;;;;;;;;;;;;;;;;;;;;
D8;ESD5Z3.3T1G;DIODESOD-523;SOD-523;Diode;;;;;;;;;;;;;;;;;;;;;;;;;;
D9;ESD5Z3.3T1G;DIODESOD-523;SOD-523;Diode;;;;;;;;;;;;;;;;;;;;;;;;;;
D10;ESD5Z3.3T1G;DIODESOD-523;SOD-523;Diode;;;;;;;;;;;;;;;;;;;;;;;;;;
D11;ESD5Z3.3T1G;DIODESOD-523;SOD-523;Diode;;;;;;;;;;;;;;;;;;;;;;;;;;
D12;ESD5Z3.3T1G;DIODESOD-523;SOD-523;Diode;;;;;;;;;;;;;;;;;;;;;;;;;;
D13;ESD5Z3.3T1G;DIODESOD-523;SOD-523;Diode;;;;;;;;;;;;;;;;;;;;;;;;;;
D14;ESD5Z3.3T1G;DIODESOD-523;SOD-523;Diode;;;;;;;;;;;;;;;;;;;;;;;;;;
D15;ESD5Z3.3T1G;DIODESOD-523;SOD-523;Diode;;;;;;;;;;;;;;;;;;;;;;;;;;
D16;ESD5Z3.3T1G;DIODESOD-523;SOD-523;Diode;;;;;;;;;;;;;;;;;;;;;;;;;;
D17;ESD5Z3.3T1G;DIODESOD-523;SOD-523;Diode;;;;;;;;;;;;;;;;;;;;;;;;;;
D18;ESD5Z3.3T1G;DIODESOD-523;SOD-523;Diode;;;;;;;;;;;;;;;;;;;;;;;;;;
D19;ESD5Z3.3T1G;DIODESOD-523;SOD-523;Diode;;;;;;;;;;;;;;;;;;;;;;;;;;
D20;ESD5Z3.3T1G;DIODESOD-523;SOD-523;Diode;;;;;;;;;;;;;;;;;;;;;;;;;;
D21;ESD5Z3.3T1G;DIODESOD-523;SOD-523;Diode;;;;;;;;;;;;;;;;;;;;;;;;;;
D22;ESD5Z3.3T1G;DIODESOD-523;SOD-523;Diode;;;;;;;;;;;;;;;;;;;;;;;;;;
D23;ESD5Z3.3T1G;DIODESOD-523;SOD-523;Diode;;;;;;;;;;;;;;;;;;;;;;;;;;
D24;ESD5Z3.3T1G;DIODESOD-523;SOD-523;Diode;;;;;;;;;;;;;;;;;;;;;;;;;;
D25;ESD5Z3.3T1G;DIODESOD-523;SOD-523;Diode;;;;;;;;;;;;;;;;;;;;;;;;;;
D26;ESD5Z3.3T1G;DIODESOD-523;SOD-523;Diode;;;;;;;;;;;;;;;;;;;;;;;;;;
D27;ESD5Z3.3T1G;DIODESOD-523;SOD-523;Diode;;;;;;;;;;;;;;;;;;;;;;;;;;
D28;ESD5Z3.3T1G;DIODESOD-523;SOD-523;Diode;;;;;;;;;;;;;;;;;;;;;;;;;;
D29;ESD5Z3.3T1G;DIODESOD-523;SOD-523;Diode;;;;;;;;;;;;;;;;;;;;;;;;;;
D30;ESD5Z3.3T1G;DIODESOD-523;SOD-523;Diode;;;;;;;;;;;;;;;;;;;;;;;;;;
D31;ESD5Z3.3T1G;DIODESOD-523;SOD-523;Diode;;;;;;;;;;;;;;;;;;;;;;;;;;
D32;ESD5Z3.3T1G;DIODESOD-523;SOD-523;Diode;;;;;;;;;;;;;;;;;;;;;;;;;;
D33;ESD5Z3.3T1G;DIODESOD-523;SOD-523;Diode;;;;;;;;;;;;;;;;;;;;;;;;;;
D34;ESD5Z3.3T1G;DIODESOD-523;SOD-523;Diode;;;;;;;;;;;;;;;;;;;;;;;;;;
D35;ESD5Z3.3T1G;DIODESOD-523;SOD-523;Diode;;;;;;;;;;;;;;;;;;;;;;;;;;
D40*1;ESD5Z5.0T1G;DIODESOD-523;SOD-523;Diode;;;;;;;;;;;;;;;;;;;;;;;;;;
EXPANSION;TSM-113-01-T-DV;PINHD-2X13SMT;2X13_SMT;PIN HEADER;;;;;;;;;;;;;;;;;;;;;;;;;;
FB1;;FERRITE;603;Ferrite Bead;;;;;;;;;;;;;;;;;;;;;;;;;;
G1;CH291-1220LF;CH291-1220LF;CH291-1220LF;Battery Holder, SMT, 12mm;;;Unavailable;; BATTERY HOLDER, SMT, 12MM; Accessory Type: Coin Cell Battery Holder; For Use With: 1220 Coin Cell Batteries; Battery ... ;;;;;;Multicomp;;;CH291-1220LF;;;;None;;None;;;
GOLD_ORB_SM1;OSHWLOGOLOGO8MM;OSHWLOGOLOGO8MM;OSHW_8MM;The OSHW logo for PCB layout;;;;;;;;;;;;;;;;;;;;;;;;;;
HSE;406C35E08M00000;CRYSTALCTS406;CTS406;CRYSTAL;;;;;;;;;;;;;;;;unknown;unknown;;;;;;;;;
J$1;SMA_EDGE;SMA_EDGE;SMA-EDGE;SMA Antenna Connector;;;;;;;;;;;;;;;;;;;;;;;;;;
J1;SOLDERJUMPERNO;SOLDERJUMPERNO;SJ_2S-NO;Solder Jumper;;;;;;;;;;;;;;;;;;;;;;;;;;
JP1;JUMPER-SMT_3_1-NC_TRACE_NO-SILK;JUMPER-SMT_3_1-NC_TRACE_NO-SILK;SMT-JUMPER_3_1-NC_TRACE_NO-SILK;Normally closed trace jumper (1 of 2 connections);;;;;;;;;;;;;;;;;;;;;;;;;;
JP2;JUMPER-SMT_3_1-NC_TRACE_SILK;JUMPER-SMT_3_1-NC_TRACE_SILK;SMT-JUMPER_3_1-NC_TRACE_SILK;Normally closed trace jumper (1 of 2 connections);;;;;;;;;;;;;;;;;;;;;;;;;;
JP3;JUMPER-SMT_3_1-NC_TRACE_SILK;JUMPER-SMT_3_1-NC_TRACE_SILK;SMT-JUMPER_3_1-NC_TRACE_SILK;Normally closed trace jumper (1 of 2 connections);;;;;;;;;;;;;;;;;;;;;;;;;;
JP4;;R-EU_R0603;R0603;RESISTOR, European symbol;;;;;;;;;;;;;;;;;;;70;;;;;R;;
JP5;;R-EU_R0603;R0603;RESISTOR, European symbol;;;;;;;;;;;;;;;;;;;70;;;;;R;;
JP6;;R-EU_R0603;R0603;RESISTOR, European symbol;;;;;;;;;;;;;;;;;;;70;;;;;R;;
JP7;JUMPER-SMT_3_1-NC_TRACE_SILK;JUMPER-SMT_3_1-NC_TRACE_SILK;SMT-JUMPER_3_1-NC_TRACE_SILK;Normally closed trace jumper (1 of 2 connections);;;;;;;;;;;;;;;;;;;;;;;;;;
JP8;JUMPER-SMT_3_1-NC_TRACE_SILK;JUMPER-SMT_3_1-NC_TRACE_SILK;SMT-JUMPER_3_1-NC_TRACE_SILK;Normally closed trace jumper (1 of 2 connections);;;;;;;;;;;;;;;;;;;;;;;;;;
LED1;Green 1.85V;LEDCHIP-LED0805;CHIP-LED0805;LED;;;;;;;;;;;;;;;;;;;;;;;;;;
LED2;Orange 1.85V;LEDCHIP-LED0805;CHIP-LED0805;LED;;;;;;;;;;;;;;;;;;;;;;;;;;
LED3;Red 1.85V;LEDCHIP-LED0805;CHIP-LED0805;LED;;;;;;;;;;;;;;;;;;;;;;;;;;
LED4;Green 1.85V;LEDCHIP-LED0805;CHIP-LED0805;LED;;;;;;;;;;;;;;;;;;;;;;;;;;
LSE;32.768kHz;CRYSTAL8X3.8SMT;CRYSTAL_8X3.8;Crystals;;;;;;;;;;;;;;;;;;;;;;;;;;
MCP1825;MCP1825SOT-223-3;MCP1825SOT-223-3;SOT-223;MCP1825 3.3v LDO Linear Regulator;;;;;;;;;;;;;;;;;;;;;;;;;;
OLED;;MA04-1-OLEDOLED;MA04-1-OLED;PIN HEADER with OLED footprint.;;;;;;;;;;;;;;;;;;;;;;;;;;
PCB2;RPI3YA;RPI3YA;RPI3MIRROR2;Device for Raspberry Pi 3 board created by Dave Young for www.element14.com;;;;;;;;;;;;;;;;;;;;;;;;;;
PS1;LT1461AIS8-3.3#PBF;LT1461AIS8-3.3#PBF;SOIC127P599X175-8N;Linear Technology LT1461AIS8-3.3#PBF, Series Voltage Reference 3.3V, 0.04% 20 V max., 8-Pin SOIC;;;;;Linear Technology LT1461AIS8-3.3#PBF, Series Voltage Reference 3.3V, 0.04% 20 V max., 8-Pin SOIC;;1.752mm;;Linear Technology;LT1461AIS8-3.3#PBF;;;;;;;;;;;;7618279P;http://uk.rs-online.com/web/p/products/7618279P;;;
Q1;MMBT3906;MMBT3906;SOT23;TRANS PNP 40V 0.2A SOT-23;;;;PCB Layout;;MMBT3906FSCT-ND;;ON Semiconductor;;;;;;;MMBT3906;;;SOT-23;;;;;;;;
Q2;MMBT3904;MMBT3904;SOT23;TRANS NPN 40V 0.2A SOT-23;;;;PCB Layout;;MMBT3904FSCT-ND;;ON Semiconductor;;;;;;;MMBT3904;;;SOT-23-3;;;;;;;;
Q3;MMBT3904;MMBT3904;SOT23;TRANS NPN 40V 0.2A SOT-23;;;;PCB Layout;;MMBT3904FSCT-ND;;ON Semiconductor;;;;;;;MMBT3904;;;SOT-23-3;;;;;;;;
Q4;;MOSFET-P;SOT23-R;P-Channel Mosfet;;;;;;;;;;;;;;;;;;;;;;;;;;
Q11_;;MOSFET-NREFLOW;SOT23;N-Channel Mosfet;;;;;;;;;;;;;;;FDV303N;;;;;;;;;;;
Q12_;;MOSFET-NREFLOW;SOT23;N-Channel Mosfet;;;;;;;;;;;;;;;FDV303N;;;;;;;;;;;
Q13_;;MOSFET-NREFLOW;SOT23;N-Channel Mosfet;;;;;;;;;;;;;;;FDV303N;;;;;;;;;;;
Q14_;;MOSFET-NREFLOW;SOT23;N-Channel Mosfet;;;;;;;;;;;;;;;FDV303N;;;;;;;;;;;
Q15_;;MOSFET-NREFLOW;SOT23;N-Channel Mosfet;;;;;;;;;;;;;;;FDV303N;;;;;;;;;;;
Q16_;;MOSFET-NREFLOW;SOT23;N-Channel Mosfet;;;;;;;;;;;;;;;FDV303N;;;;;;;;;;;
Q17_;;MOSFET-NREFLOW;SOT23;N-Channel Mosfet;;;;;;;;;;;;;;;FDV303N;;;;;;;;;;;
Q18_;;MOSFET-NREFLOW;SOT23;N-Channel Mosfet;;;;;;;;;;;;;;;FDV303N;;;;;;;;;;;
Q19_;;MOSFET-NREFLOW;SOT23;N-Channel Mosfet;;;;;;;;;;;;;;;FDV303N;;;;;;;;;;;
Q21;;MOSFET-NREFLOW;SOT23;N-Channel Mosfet;;;;;;;;;;;;;;;FDV303N;;;;;;;;;;;
Q22;;MOSFET-NREFLOW;SOT23;N-Channel Mosfet;;;;;;;;;;;;;;;FDV303N;;;;;;;;;;;
Q33;;MOSFET-NREFLOW;SOT23;N-Channel Mosfet;;;;;;;;;;;;;;;FDV303N;;;;;;;;;;;
R1;4.7k;R-EU_R0603;R0603;RESISTOR, European symbol;;;;;;;;;;;;;;;;;;;;;;;;;;
R2;10k;R-EU_R0603;R0603;RESISTOR, European symbol;;;;;;;;;;;;;;;;;;;;;;;;;;
R3;330R;R-EU_R0603;R0603;RESISTOR, European symbol;;;;;;;;;;;;;;;;;;;70;;;;;R;;
R4;330R;R-EU_R0603;R0603;RESISTOR, European symbol;;;;;;;;;;;;;;;;;;;70;;;;;R;;
R5;330R;R-EU_R0603;R0603;RESISTOR, European symbol;;;;;;;;;;;;;;;;;;;70;;;;;R;;
R6;0R;R-EU_R0603;R0603;RESISTOR, European symbol;;;;;;;;;;;;;;;;;;;;;;;;;;
R7;4.7k;R-EU_R0603;R0603;RESISTOR, European symbol;;;;;;;;;;;;;;;;;;;;;;;;;;
R8;1.5k;R-EU_R0603;R0603;RESISTOR, European symbol;;;;;;;;;;;;;;;;;;;;;;;;;;
R9;39K;R-EU_R0603;R0603;RESISTOR, European symbol;;;;;;;;;;;;;;;;;;;70;;;;;R;;
R10;330R;R-EU_R0603;R0603;RESISTOR, European symbol;;;;;;;;;;;;;;;;;;;70;;;;;R;;
R11;33K;R-EU_R0603;R0603;RESISTOR, European symbol;;;;;;;;;;;;;;;;;;;70;;;;;R;;
R12;10K;R-EU_R0603;R0603;RESISTOR, European symbol;;;;;;;;;;;;;;;;;;;70;;;;;R;;
R13;10k;R-EU_R0603;R0603;RESISTOR, European symbol;;;;;;;;;;;;;;;;;;;;;;;;;;
R14;22K;R-EU_R0603;R0603;RESISTOR, European symbol;;;;;;;;;;;;;;;;;;;70;;;;;R;;
R15;3k3;R-EU_R0603;R0603;RESISTOR, European symbol;;;;;;;;;;;;;;;;;;;70;;;;;R;;
R16;82R;R-EU_R0603;R0603;RESISTOR, European symbol;;;;;;;;;;;;;;;;;;;70;;;;;R;;
R17;220K;R-EU_R0603;R0603;RESISTOR, European symbol;;;;;;;;;;;;;;;;;;;70;;;;;R;;
R18;1k;R-EU_R0603;R0603;RESISTOR, European symbol;;;;;;;;;;;;;;;;;;;70;;;;;R;;
R19;1k;R-EU_R0603;R0603;RESISTOR, European symbol;;;;;;;;;;;;;;;;;;;70;;;;;R;;
R20;10k;R-EU_R0603;R0603;RESISTOR, European symbol;;;;;;;;;;;;;;;;;;;;;;;;;;
R21;0R;R-EU_R0603;R0603;RESISTOR, European symbol;;;;;;;;;;;;;;;;;;;;;;;;;;
R22;10k;R-EU_R0603;R0603;RESISTOR, European symbol;;;;;;;;;;;;;;;;;;;;;;;;;;
R23;10k;R-EU_R0603;R0603;RESISTOR, European symbol;;;;;;;;;;;;;;;;;;;;;;;;;;
R24;10k;R-EU_R0603;R0603;RESISTOR, European symbol;;;;;;;;;;;;;;;;;;;70;;;;;R;;
R25;10k;R-EU_R0603;R0603;RESISTOR, European symbol;;;;;;;;;;;;;;;;;;;;;;;;;;
R26;10k;R-EU_R0603;R0603;RESISTOR, European symbol;;;;;;;;;;;;;;;;;;;;;;;;;;
R27;10k;R-EU_R0603;R0603;RESISTOR, European symbol;;;;;;;;;;;;;;;;;;;;;;;;;;
R28;10K;R-EU_R0603;R0603;RESISTOR, European symbol;;;;;;;;;;;;;;;;;;;70;;;;;R;;
R29;10K;R-EU_R0603;R0603;RESISTOR, European symbol;;;;;;;;;;;;;;;;;;;70;;;;;R;;
R30;0R;R-EU_R0603;R0603;;;;;;;;;;;;;;;;;;;;;;;;;;;
R31;0R;R-EU_R0603;R0603;;;;;;;;;;;;;;;;;;;;;;;;;;;
R32;0R;R-EU_R0603;R0603;;;;;;;;;;;;;;;;;;;;;;;;;;;
R41;120k;R-EU_R0603;R0603;RESISTOR, European symbol;;;;;;;;;;;;;;;;;;;;;;;;;;
R42;120k;R-EU_R0603;R0603;RESISTOR, European symbol;;;;;;;;;;;;;;;;;;;;;;;;;;
R43;120k;R-EU_R0603;R0603;RESISTOR, European symbol;;;;;;;;;;;;;;;;;;;;;;;;;;
R51;10k;R-EU_R0603;R0603;RESISTOR, European symbol;;;;;;;;;;;;;;;;;;;;;;;;;;
R52;10k;R-EU_R0603;R0603;RESISTOR, European symbol;;;;;;;;;;;;;;;;;;;;;;;;;;
R53;10k;R-EU_R0603;R0603;RESISTOR, European symbol;;;;;;;;;;;;;;;;;;;;;;;;;;
RB1;22r 0.3W 1%;R-EU_R1210;R1210;RESISTOR, European symbol;;;;;;;;;;;;;;;;;;;0;;;;;R;;
RB1Q;22r;R-EU_R1210;R1210;RESISTOR, European symbol;;;;;;;;;;;;;;;;;;;0;;;;;R;;
RB1_;22r 0.5W;R-EU_0207/7;0207/7;RESISTOR, European symbol;;;;;;;;;;;;;;;;;;;46;;;;;R;;
RB2;22r;R-EU_R1210;R1210;RESISTOR, European symbol;;;;;;;;;;;;;;;;;;;0;;;;;R;;
RB2Q;22r;R-EU_R1210;R1210;RESISTOR, European symbol;;;;;;;;;;;;;;;;;;;0;;;;;R;;
RB2_;22r;R-EU_0207/7;0207/7;RESISTOR, European symbol;;;;;;;;;;;;;;;;;;;46;;;;;R;;
RB3;22r;R-EU_R1210;R1210;RESISTOR, European symbol;;;;;;;;;;;;;;;;;;;0;;;;;R;;
RB3Q;22r;R-EU_R1210;R1210;RESISTOR, European symbol;;;;;;;;;;;;;;;;;;;0;;;;;R;;
RB3_;22r;R-EU_0207/7;0207/7;RESISTOR, European symbol;;;;;;;;;;;;;;;;;;;46;;;;;R;;
RB4;22r;R-EU_R1210;R1210;RESISTOR, European symbol;;;;;;;;;;;;;;;;;;;0;;;;;R;;
RB4Q;22r;R-EU_R1210;R1210;RESISTOR, European symbol;;;;;;;;;;;;;;;;;;;0;;;;;R;;
RB4_;22r;R-EU_0207/7;0207/7;RESISTOR, European symbol;;;;;;;;;;;;;;;;;;;46;;;;;R;;
RB5;22r;R-EU_R1210;R1210;RESISTOR, European symbol;;;;;;;;;;;;;;;;;;;0;;;;;R;;
RB5Q;22r;R-EU_R1210;R1210;RESISTOR, European symbol;;;;;;;;;;;;;;;;;;;0;;;;;R;;
RB5_;22r;R-EU_0207/7;0207/7;RESISTOR, European symbol;;;;;;;;;;;;;;;;;;;46;;;;;R;;
RB6;22r;R-EU_R1210;R1210;RESISTOR, European symbol;;;;;;;;;;;;;;;;;;;0;;;;;R;;
RB6Q;22r;R-EU_R1210;R1210;RESISTOR, European symbol;;;;;;;;;;;;;;;;;;;0;;;;;R;;
RB6_;22r;R-EU_0207/7;0207/7;RESISTOR, European symbol;;;;;;;;;;;;;;;;;;;46;;;;;R;;
RB7;22r;R-EU_R1210;R1210;RESISTOR, European symbol;;;;;;;;;;;;;;;;;;;0;;;;;R;;
RB7Q;22r;R-EU_R1210;R1210;RESISTOR, European symbol;;;;;;;;;;;;;;;;;;;0;;;;;R;;
RB7_;22r;R-EU_0207/7;0207/7;RESISTOR, European symbol;;;;;;;;;;;;;;;;;;;46;;;;;R;;
RB8;22r;R-EU_R1210;R1210;RESISTOR, European symbol;;;;;;;;;;;;;;;;;;;0;;;;;R;;
RB8Q;22r;R-EU_R1210;R1210;RESISTOR, European symbol;;;;;;;;;;;;;;;;;;;0;;;;;R;;
RB8_;22r;R-EU_0207/7;0207/7;RESISTOR, European symbol;;;;;;;;;;;;;;;;;;;46;;;;;R;;
RB9;100R 0.1%;R-EU_R1210;R1210;RESISTOR, European symbol;;;;;;;;;;;;;;;;;;;0;;;;;R;;
RB9Q;22R 0.1%;R-EU_R1210;R1210;RESISTOR, European symbol;;;;;;;;;;;;;;;;;;;0;;;;;R;;
RB9_;100R 0.1%;R-EU_0207/7;0207/7;RESISTOR, European symbol;;;;;;;;;;;;;;;;;;;46;;;;;R;;
RF1;9k1 0.1%;R-EU_R0603;R0603;RESISTOR, European symbol;;;;;;;;;;;;;;;;;;;;;;;;;;
RF2;9k1 0.1%;R-EU_R0603;R0603;RESISTOR, European symbol;;;;;;;;;;;;;;;;;;;;;;;;;;
RF3;9k1 0.1%;R-EU_R0603;R0603;RESISTOR, European symbol;;;;;;;;;;;;;;;;;;;;;;;;;;
RF4;9k1 0.1%;R-EU_R0603;R0603;RESISTOR, European symbol;;;;;;;;;;;;;;;;;;;;;;;;;;
RF5;9k1 0.1%;R-EU_R0603;R0603;RESISTOR, European symbol;;;;;;;;;;;;;;;;;;;;;;;;;;
RF6;9k1 0.1%;R-EU_R0603;R0603;RESISTOR, European symbol;;;;;;;;;;;;;;;;;;;;;;;;;;
RF7;9k1 0.1%;R-EU_R0603;R0603;RESISTOR, European symbol;;;;;;;;;;;;;;;;;;;;;;;;;;
RF8;9k1 0.1%;R-EU_R0603;R0603;RESISTOR, European symbol;;;;;;;;;;;;;;;;;;;;;;;;;;
RF9;9k1 0.1%;R-EU_R0603;R0603;RESISTOR, European symbol;;;;;;;;;;;;;;;;;;;;;;;;;;
RFM69HCW;RFM12_SMDSMD;RFM12_SMDSMD;RFM12;RFM12 is a low costing ISM band transceiver;;;;;;;;;;;;;;;;;;;;;;;;;;
RJ1;95501-6889;95501-6889;955016889;Molex Cat3 8-Way Female RJ45 Connector Right Angle Surface Mount Unshielded;70372913;https://www.alliedelec.com/molex-incorporated-95501-6889/70372913/;;;Molex Cat3 8-Way Female RJ45 Connector Right Angle Surface Mount Unshielded;;11.5mm;;Molex;95501-6889;;538-95501-6889;https://www.mouser.com/Search/Refine.aspx?Keyword=538-95501-6889;;;;;;;;;3862738;http://uk.rs-online.com/web/p/products/3862738;;;
RJ2;95501-6889;95501-6889;955016889;Molex Cat3 8-Way Female RJ45 Connector Right Angle Surface Mount Unshielded;70372913;https://www.alliedelec.com/molex-incorporated-95501-6889/70372913/;;;Molex Cat3 8-Way Female RJ45 Connector Right Angle Surface Mount Unshielded;;11.5mm;;Molex;95501-6889;;538-95501-6889;https://www.mouser.com/Search/Refine.aspx?Keyword=538-95501-6889;;;;;;;;;3862738;http://uk.rs-online.com/web/p/products/3862738;;;
S1;;31-XX;B3F-31XX;OMRON SWITCH;;;;;;;;;;;;;;;B3F-3100;959704;36M3582;;0;;;;;;;
S2;KSS221GLFS;KSS221GLFS;KSS;IP40 Side Tactile Switch, SPST-NO 50 mA;;;;;IP40 Side Tactile Switch, SPST-NO 50 mA;;mm;;C & K COMPONENTS;KSS221GLFS;;;;;;;;;;;;7931689P;http://uk.rs-online.com/web/p/products/7931689P;;;
SJ1;SOLDERJUMPERNO;SOLDERJUMPERNO;SJ_2S-NO;Solder Jumper;;;;;;;;;;;;;;;;;;;;;;;;;;
SJ2;SOLDERJUMPERNO;SOLDERJUMPERNO;SJ_2S-NO;Solder Jumper;;;;;;;;;;;;;;;;;;;;;;;;;;
SJ3;SOLDERJUMPERNO;SOLDERJUMPERNO;SJ_2S-NO;Solder Jumper;;;;;;;;;;;;;;;;;;;;;;;;;;
SJ4;JUMPER-SMT_2_NO_SILK;JUMPER-SMT_2_NO_SILK;SMT-JUMPER_2_NO_SILK;Normally open jumper;;;;;;;;;;;;;;;;;;;;;;;;;;
SJ5;SOLDERJUMPERNO;SOLDERJUMPERNO;SJ_2S-NO;Solder Jumper;;;;;;;;;;;;;;;;;;;;;;;;;;
SJ6;SOLDERJUMPERNO;SOLDERJUMPERNO;SJ_2S-NO;Solder Jumper;;;;;;;;;;;;;;;;;;;;;;;;;;
SJ7;SOLDERJUMPERNO;SOLDERJUMPERNO;SJ_2S-NO;Solder Jumper;;;;;;;;;;;;;;;;;;;;;;;;;;
SJ9;JUMPER-SMT_2_NO_SILK;JUMPER-SMT_2_NO_SILK;SMT-JUMPER_2_NO_SILK;Normally open jumper;;;;;;;;;;;;;;;;;;;;;;;;;;
SJ10;JUMPER-SMT_2_NO_SILK;JUMPER-SMT_2_NO_SILK;SMT-JUMPER_2_NO_SILK;Normally open jumper;;;;;;;;;;;;;;;;;;;;;;;;;;
SJ13;JUMPER-SMT_2_NO_SILK;JUMPER-SMT_2_NO_SILK;SMT-JUMPER_2_NO_SILK;Normally open jumper;;;;;;;;;;;;;;;;;;;;;;;;;;
SJ14;SOLDERJUMPERNO;SOLDERJUMPERNO;SJ_2S-NO;Solder Jumper;;;;;;;;;;;;;;;;;;;;;;;;;;
SJ20;SOLDERJUMPERNO;SOLDERJUMPERNO;SJ_2S-NO;Solder Jumper;;;;;;;;;;;;;;;;;;;;;;;;;;
SJ21;SOLDERJUMPERNO;SOLDERJUMPERNO;SJ_2S-NO;Solder Jumper;;;;;;;;;;;;;;;;;;;;;;;;;;
SJ23;SOLDERJUMPERNO;SOLDERJUMPERNO;SJ_2S-NO;Solder Jumper;;;;;;;;;;;;;;;;;;;;;;;;;;
SJ25;SOLDERJUMPERNO;SOLDERJUMPERNO;SJ_2S-NO;Solder Jumper;;;;;;;;;;;;;;;;;;;;;;;;;;
SJ26;SOLDERJUMPERNO;SOLDERJUMPERNO;SJ_2S-NO;Solder Jumper;;;;;;;;;;;;;;;;;;;;;;;;;;
SJ27;SOLDERJUMPERNO;SOLDERJUMPERNO;SJ_2S-NO;Solder Jumper;;;;;;;;;;;;;;;;;;;;;;;;;;
SJ32;SOLDERJUMPERNO;SOLDERJUMPERNO;SJ_2S-NO;Solder Jumper;;;;;;;;;;;;;;;;;;;;;;;;;;
SJ35;SOLDERJUMPERNO;SOLDERJUMPERNO;SJ_2S-NO;Solder Jumper;;;;;;;;;;;;;;;;;;;;;;;;;;
SJ36;SOLDERJUMPERNO;SOLDERJUMPERNO;SJ_2S-NO;Solder Jumper;;;;;;;;;;;;;;;;;;;;;;;;;;
SJ37;SOLDERJUMPERNO;SOLDERJUMPERNO;SJ_2S-NO;Solder Jumper;;;;;;;;;;;;;;;;;;;;;;;;;;
STM32F303VE;STM32F303VE;STM32F303XB;TQFP100;;;;;;;;;;;;;;;;;;;;;;;;;;;
ST_LINK;455-1750-1-ND;CONN_03;1X03;Multi connection point. Often used as Generic Header-pin footprint for 0.1 inch spaced/style header connections;;;;;;;;;;;;;;;;;;;;;XXX-00000;;;;;455-1750-1-ND
SV1;;MA06-1;MA06-1;PIN HEADER;;;;;;;;;;;;;;;;unknown;unknown;;;;;;;;;
SV2;;MA06-1;MA06-1;PIN HEADER;;;;;;;;;;;;;;;;unknown;unknown;;;;;;;;;
TERM1;3.5MM_TB_X6;3.5MM_TB_X6;3.5MM_X6;;;;;;;;;;;;;;;;;;;;;;;;;;;
TERM2;3.5MM_TB_X6;3.5MM_TB_X6;3.5MM_X6;;;;;;;;;;;;;;;;;;;;;;;;;;;
TERM3;3.5MM_TB_X6;3.5MM_TB_X6;3.5MM_X6;;;;;;;;;;;;;;;;;;;;;;;;;;;
TP1;TEST-POINT3;TEST-POINT3;PAD.03X.03;SparkFun Test Points;;;;;;;;;;;;;;;;;;;;;;;;;;
TP2;TEST-POINT3;TEST-POINT3;PAD.03X.03;SparkFun Test Points;;;;;;;;;;;;;;;;;;;;;;;;;;
TP3;TEST-POINT3;TEST-POINT3;PAD.03X.03;SparkFun Test Points;;;;;;;;;;;;;;;;;;;;;;;;;;
TP4;TPB1,27;TPB1,27;B1,27;Test pad;;;;;;;;;;;;;;;;;;;19;;;;;;;
TP5;TEST-POINTPOGO_PTH;TEST-POINTPOGO_PTH;1X01_NO_SILK;SparkFun Test Points;;;;;;;;;;;;;;;;;;;;;;;;;;
TP6;TEST-POINTPOGO_PTH;TEST-POINTPOGO_PTH;1X01_NO_SILK;SparkFun Test Points;;;;;;;;;;;;;;;;;;;;;;;;;;
TP7;TEST-POINTPOGO_PTH;TEST-POINTPOGO_PTH;1X01_NO_SILK;SparkFun Test Points;;;;;;;;;;;;;;;;;;;;;;;;;;
TP9;TEST-POINTPOGO_PTH;TEST-POINTPOGO_PTH;1X01_NO_SILK;SparkFun Test Points;;;;;;;;;;;;;;;;;;;;;;;;;;
TP10;TEST-POINTPOGO_PTH;TEST-POINTPOGO_PTH;1X01_NO_SILK;SparkFun Test Points;;;;;;;;;;;;;;;;;;;;;;;;;;
TP11;TEST-POINT3;TEST-POINT3;PAD.03X.03;SparkFun Test Points;;;;;;;;;;;;;;;;;;;;;;;;;;
TP12;TEST-POINT3;TEST-POINT3;PAD.03X.03;SparkFun Test Points;;;;;;;;;;;;;;;;;;;;;;;;;;
TP13;TEST-POINT3;TEST-POINT3;PAD.03X.03;SparkFun Test Points;;;;;;;;;;;;;;;;;;;;;;;;;;
TP14;TEST-POINT3;TEST-POINT3;PAD.03X.03;SparkFun Test Points;;;;;;;;;;;;;;;;;;;;;;;;;;
TP15;TEST-POINT3;TEST-POINT3;PAD.03X.03;SparkFun Test Points;;;;;;;;;;;;;;;;;;;;;;;;;;
TP16;TEST-POINT3;TEST-POINT3;PAD.03X.03;SparkFun Test Points;;;;;;;;;;;;;;;;;;;;;;;;;;
TP17;TEST-POINTPOGO_PTH;TEST-POINTPOGO_PTH;1X01_NO_SILK;SparkFun Test Points;;;;;;;;;;;;;;;;;;;;;;;;;;
TP18;TEST-POINTPOGO_PTH;TEST-POINTPOGO_PTH;1X01_NO_SILK;SparkFun Test Points;;;;;;;;;;;;;;;;;;;;;;;;;;
TP19;TEST-POINTPOGO_PTH;TEST-POINTPOGO_PTH;1X01_NO_SILK;SparkFun Test Points;;;;;;;;;;;;;;;;;;;;;;;;;;
TP20;TEST-POINTPOGO_PTH;TEST-POINTPOGO_PTH;1X01_NO_SILK;SparkFun Test Points;;;;;;;;;;;;;;;;;;;;;;;;;;
TP21;TEST-POINT3;TEST-POINT3;PAD.03X.03;SparkFun Test Points;;;;;;;;;;;;;;;;;;;;;;;;;;
U$2;BOOST_MODULE;BOOST_MODULE;BOOST;;;;;;;;;;;;;;;;;;;;;;;;;;;
U$7;47219-2001_MICROSD;47219-2001_MICROSD;47219-2001_MICROSD;;;;;;;;;;;;;;;;;;;;;;;;;;;
U1;ESP32-WROOM-32D;ESP32-WROOM-32D;MODULE_ESP32-WROOM-32D;"IC: SoC; GPIO, I2C, I2S, IR, SD, SDIO, SPI, UART; 2.7รท3.6VDC; 20dBm";;;Unavailable;; IC: SoC; GPIO, I2C, I2S, IR, SD, SDIO, SPI, UART; 2.7รท3.6VDC; 20dBm ;;;;;;Espressif Systems;;;ESP32-WROOM-32D;;;;Module Espressif Systems;;None;;;
UART1;;M02PTH;1X02;Header 2;;;;;;;;;;;;;;;;;;;;;;;;;;
UART_STM;;MA06-1;MA06-1;PIN HEADER;;;;;;;;;;;;;;;;unknown;unknown;;;;;;;;;
USB-C;CSP-USC16-TR;CSP-USC16-TR;USB-C;CSP-USC16-TR;;;;;;;;;;;;;;;CSP-USC16-TR;;;;;;;;;;;
VT1;ADC-028-2-T;2.1MMJACKSMT;DCJACK_2MM_SMT;2.1mm x 5.5mm THM DC jack with internal switch. Digikey part #PJ-102A, 4UCON part #05537;;;;;;;;;;;;;;;ADC-028-1-T;;;;;;;;;;;
